signatureID	probeID	ID_geneid	Name_GeneSymbol	Value_LogDiffExp	Significance_pvalue
LINCSCP_10263	NA	16	AARS	-2.89923	0.000960955105256289
LINCSCP_10263	NA	23	ABCF1	-1.45902	0.0161091201007366
LINCSCP_10263	NA	25	ABL1	-1.60346	0.0158725194633007
LINCSCP_10263	NA	30	ACAA1	0.533404	0.361191242933273
LINCSCP_10263	NA	39	ACAT2	0.789597	0.290387660264969
LINCSCP_10263	NA	47	ACLY	-0.0643198	0.926916778087616
LINCSCP_10263	NA	102	ADAM10	0.986303	0.0980392545461655
LINCSCP_10263	NA	128	ADH5	-0.333068	0.619182169437408
LINCSCP_10263	NA	142	PARP1	0.187901	0.814271152019501
LINCSCP_10263	NA	154	ADRB2	1.27838	0.0266625881195068
LINCSCP_10263	NA	178	AGL	0.0605687	0.893788874149323
LINCSCP_10263	NA	207	AKT1	0.256098	0.539824962615967
LINCSCP_10263	NA	211	ALAS1	1.66041	0.0104016624391079
LINCSCP_10263	NA	226	ALDOA	0.937741	0.140462070703506
LINCSCP_10263	NA	230	ALDOC	2.88535	0.0686189010739326
LINCSCP_10263	NA	291	SLC25A4	-0.637395	0.350584357976913
LINCSCP_10263	NA	310	ANXA7	0.557661	0.317690372467041
LINCSCP_10263	NA	323	APBB2	0.28212	0.608445465564728
LINCSCP_10263	NA	329	BIRC2	0.305603	0.706920027732849
LINCSCP_10263	NA	332	BIRC5	-0.707668	0.16747473180294
LINCSCP_10263	NA	348	APOE	0.595392	0.274692177772522
LINCSCP_10263	NA	351	APP	-1.05937	0.0837579816579819
LINCSCP_10263	NA	355	FAS	0.206421	0.658489942550659
LINCSCP_10263	NA	387	RHOA	0.0534157	0.937591910362244
LINCSCP_10263	NA	392	ARHGAP1	-0.728943	0.117162078619003
LINCSCP_10263	NA	427	ASAH1	1.24261	0.0221722349524498
LINCSCP_10263	NA	466	ATF1	-3.90856	0.0446306094527245
LINCSCP_10263	NA	481	ATP1B1	0.410939	0.455662906169891
LINCSCP_10263	NA	501	ALDH7A1	-0.92326	0.0926969572901726
LINCSCP_10263	NA	533	ATP6V0B	1.59094	0.0342315062880516
LINCSCP_10263	NA	572	BAD	0.884616	0.126700982451439
LINCSCP_10263	NA	581	BAX	-0.882453	0.270256102085114
LINCSCP_10263	NA	595	CCND1	-1.92259	0.0119108967483044
LINCSCP_10263	NA	596	BCL2	0.032916	0.962465345859528
LINCSCP_10263	NA	622	BDH1	1.0474	0.250724315643311
LINCSCP_10263	NA	637	BID	-1.15978	0.0675079822540283
LINCSCP_10263	NA	642	BLMH	-0.234084	0.605983018875122
LINCSCP_10263	NA	644	BLVRA	0.27512	0.526411771774292
LINCSCP_10263	NA	652	BMP4	-0.240661	0.570148825645447
LINCSCP_10263	NA	664	BNIP3	1.28766	0.0336598046123981
LINCSCP_10263	NA	665	BNIP3L	4.46891	0.000190755497897044
LINCSCP_10263	NA	670	BPHL	0.38217	0.331476747989655
LINCSCP_10263	NA	672	BRCA1	-0.104482	0.792597055435181
LINCSCP_10263	NA	695	BTK	-0.170972	0.698281943798065
LINCSCP_10263	NA	701	BUB1B	-0.338509	0.564374923706055
LINCSCP_10263	NA	727	C5	2.14739	0.00776541698724031
LINCSCP_10263	NA	780	DDR1	-1.09465	0.044091485440731
LINCSCP_10263	NA	808	CALM3	0.40349	0.478105276823044
LINCSCP_10263	NA	813	CALU	0.973783	0.0679405629634857
LINCSCP_10263	NA	823	CAPN1	2.01819	0.412649005651474
LINCSCP_10263	NA	831	CAST	-0.0547929	0.903827726840973
LINCSCP_10263	NA	835	CASP2	-0.359007	0.59466952085495
LINCSCP_10263	NA	836	CASP3	0.592578	0.413629531860352
LINCSCP_10263	NA	840	CASP7	-0.643493	0.18037585914135
LINCSCP_10263	NA	843	CASP10	-0.518626	0.391575902700424
LINCSCP_10263	NA	847	CAT	-0.124333	0.881876349449158
LINCSCP_10263	NA	868	CBLB	1.83808	0.280453622341156
LINCSCP_10263	NA	873	CBR1	-0.379705	0.502104699611664
LINCSCP_10263	NA	874	CBR3	-1.91154	0.00629784725606441
LINCSCP_10263	NA	890	CCNA2	-1.62297	0.00840169098228216
LINCSCP_10263	NA	891	CCNB1	-1.4033	0.0254879202693701
LINCSCP_10263	NA	896	CCND3	0.589412	0.244503706693649
LINCSCP_10263	NA	899	CCNF	0.433182	0.539682567119598
LINCSCP_10263	NA	902	CCNH	1.49149	0.0388570949435234
LINCSCP_10263	NA	949	SCARB1	1.20533	0.0780290365219116
LINCSCP_10263	NA	958	CD40	-0.515933	0.234933897852898
LINCSCP_10263	NA	960	CD44	0.236527	0.561228156089783
LINCSCP_10263	NA	965	CD58	-0.0893487	0.92567378282547
LINCSCP_10263	NA	976	ADGRE5	-0.841978	0.219812169671059
LINCSCP_10263	NA	983	CDK1	2.19231	0.00938897207379341
LINCSCP_10263	NA	991	CDC20	-0.0622103	0.867448270320892
LINCSCP_10263	NA	993	CDC25A	-0.590977	0.366821825504303
LINCSCP_10263	NA	994	CDC25B	0.489417	0.513701200485229
LINCSCP_10263	NA	998	CDC42	-0.536576	0.197385042905807
LINCSCP_10263	NA	1001	CDH3	0.90265	0.236501663923264
LINCSCP_10263	NA	1017	CDK2	0.558356	0.209833860397339
LINCSCP_10263	NA	1019	CDK4	-0.548363	0.277813732624054
LINCSCP_10263	NA	1021	CDK6	-1.18345	0.0357453376054764
LINCSCP_10263	NA	1022	CDK7	2.98945	0.00656271353363991
LINCSCP_10263	NA	1026	CDKN1A	-0.408698	0.435717195272446
LINCSCP_10263	NA	1027	CDKN1B	1.19709	0.135513737797737
LINCSCP_10263	NA	1029	CDKN2A	-1.16722	0.167822793126106
LINCSCP_10263	NA	1050	CEBPA	-2.00149	0.0784955322742462
LINCSCP_10263	NA	1052	CEBPD	-0.716456	0.180581018328667
LINCSCP_10263	NA	1062	CENPE	0.794584	0.370496600866318
LINCSCP_10263	NA	1070	CETN3	0.434664	0.408678948879242
LINCSCP_10263	NA	1111	CHEK1	1.21185	0.0507588461041451
LINCSCP_10263	NA	1123	CHN1	1.05654	0.106013841927052
LINCSCP_10263	NA	1153	CIRBP	0.0536361	0.934571027755737
LINCSCP_10263	NA	1212	CLTB	1.26869	0.0272492486983538
LINCSCP_10263	NA	1213	CLTC	-0.164427	0.765424370765686
LINCSCP_10263	NA	1277	COL1A1	2.3563	0.0160416420549154
LINCSCP_10263	NA	1282	COL4A1	-1.1602	0.0405679196119308
LINCSCP_10263	NA	1385	CREB1	-0.167485	0.817152082920074
LINCSCP_10263	NA	1398	CRK	0.894715	0.18373741209507
LINCSCP_10263	NA	1399	CRKL	0.197425	0.65459269285202
LINCSCP_10263	NA	1429	CRYZ	0.859857	0.0886579006910324
LINCSCP_10263	NA	1445	CSK	-0.132676	0.723576903343201
LINCSCP_10263	NA	1452	CSNK1A1	1.01298	0.0550050735473633
LINCSCP_10263	NA	1454	CSNK1E	-0.274039	0.482037156820297
LINCSCP_10263	NA	1459	CSNK2A2	0.654411	0.136165201663971
LINCSCP_10263	NA	1465	CSRP1	0.001796	0.996118783950806
LINCSCP_10263	NA	1500	CTNND1	0.262414	0.659722745418549
LINCSCP_10263	NA	1509	CTSD	0.234662	0.628501117229462
LINCSCP_10263	NA	1514	CTSL	-1.16202	0.0899917036294937
LINCSCP_10263	NA	1534	CYB561	-0.143147	0.75047492980957
LINCSCP_10263	NA	1605	DAG1	0.159342	0.742338716983795
LINCSCP_10263	NA	1616	DAXX	-0.532313	0.275106132030487
LINCSCP_10263	NA	1633	DCK	2.02723	0.0273092202842236
LINCSCP_10263	NA	1635	DCTD	-4.02459	0.000660638324916363
LINCSCP_10263	NA	1643	DDB2	-1.52844	0.0104743791744113
LINCSCP_10263	NA	1647	GADD45A	0.737635	0.171030610799789
LINCSCP_10263	NA	1662	DDX10	-2.05502	0.00950024742633104
LINCSCP_10263	NA	1666	DECR1	-0.0664854	0.919682323932648
LINCSCP_10263	NA	1676	DFFA	-0.105909	0.851277947425842
LINCSCP_10263	NA	1677	DFFB	-0.521686	0.29773536324501
LINCSCP_10263	NA	1738	DLD	1.54665	0.0288318265229464
LINCSCP_10263	NA	1759	DNM1	-0.867953	0.0815766304731369
LINCSCP_10263	NA	1786	DNMT1	-1.34441	0.0437651090323925
LINCSCP_10263	NA	1788	DNMT3A	-0.119245	0.772535920143127
LINCSCP_10263	NA	1802	DPH2	-0.569137	0.440642595291138
LINCSCP_10263	NA	1829	DSG2	2.63015	0.0244966223835945
LINCSCP_10263	NA	1831	TSC22D3	2.91484	0.00187451869715005
LINCSCP_10263	NA	1845	DUSP3	-0.281218	0.546168327331543
LINCSCP_10263	NA	1846	DUSP4	-1.27484	0.0236022286117077
LINCSCP_10263	NA	1848	DUSP6	0.0175221	0.972641348838806
LINCSCP_10263	NA	1861	TOR1A	-3.96715	0.0614103674888611
LINCSCP_10263	NA	1870	E2F2	0.837374	0.103235937654972
LINCSCP_10263	NA	1891	ECH1	-0.0501757	0.931574821472168
LINCSCP_10263	NA	1906	EDN1	-2.82617	0.00124519027303904
LINCSCP_10263	NA	1950	EGF	-0.743374	0.129697114229202
LINCSCP_10263	NA	1956	EGFR	-0.559447	0.257921189069748
LINCSCP_10263	NA	1958	EGR1	0.191542	0.771411657333374
LINCSCP_10263	NA	1978	EIF4EBP1	1.10007	0.0598250664770603
LINCSCP_10263	NA	1981	EIF4G1	0.10682	0.903462529182434
LINCSCP_10263	NA	1983	EIF5	-1.21972	0.0640137419104576
LINCSCP_10263	NA	1994	ELAVL1	1.684	0.271781623363495
LINCSCP_10263	NA	2017	CTTN	0.22372	0.706910252571106
LINCSCP_10263	NA	2037	EPB41L2	1.30591	0.0204068031162024
LINCSCP_10263	NA	2042	EPHA3	0.289484	0.545775055885315
LINCSCP_10263	NA	2048	EPHB2	-1.30805	0.0329367071390152
LINCSCP_10263	NA	2058	EPRS	-0.94173	0.13331338763237
LINCSCP_10263	NA	2063	NR2F6	-0.905169	0.232225939631462
LINCSCP_10263	NA	2064	ERBB2	1.04865	0.0872204974293709
LINCSCP_10263	NA	2065	ERBB3	0.933672	0.218080088496208
LINCSCP_10263	NA	2109	ETFB	-0.0263923	0.963972449302673
LINCSCP_10263	NA	2113	ETS1	0.480988	0.45187571644783
LINCSCP_10263	NA	2115	ETV1	0.444783	0.464422136545181
LINCSCP_10263	NA	2131	EXT1	-0.273435	0.514215171337128
LINCSCP_10263	NA	2146	EZH2	0.0510158	0.904046356678009
LINCSCP_10263	NA	2184	FAH	0.360363	0.571838974952698
LINCSCP_10263	NA	2185	PTK2B	0.438721	0.302153527736664
LINCSCP_10263	NA	2195	FAT1	-0.898939	0.0949809178709984
LINCSCP_10263	NA	2222	FDFT1	2.44241	0.0186921618878841
LINCSCP_10263	NA	2263	FGFR2	0.504621	0.318997800350189
LINCSCP_10263	NA	2264	FGFR4	-0.524053	0.215517461299896
LINCSCP_10263	NA	2274	FHL2	-0.417388	0.298194736242294
LINCSCP_10263	NA	2288	FKBP4	-0.000855014	0.998152256011963
LINCSCP_10263	NA	2309	FOXO3	-0.762086	0.132433623075485
LINCSCP_10263	NA	2353	FOS	0.0671333	0.900102317333221
LINCSCP_10263	NA	2356	FPGS	-0.981142	0.0491870976984501
LINCSCP_10263	NA	2523	FUT1	-0.339863	0.621420979499817
LINCSCP_10263	NA	2534	FYN	1.01724	0.0479604639112949
LINCSCP_10263	NA	2542	SLC37A4	1.76992	0.0242305863648653
LINCSCP_10263	NA	2548	GAA	0.645046	0.235617503523827
LINCSCP_10263	NA	2553	GABPB1	-2.6929	0.00442751962691545
LINCSCP_10263	NA	2582	GALE	-0.445245	0.587107419967651
LINCSCP_10263	NA	2597	GAPDH	0.000434188	0.999061703681946
LINCSCP_10263	NA	2624	GATA2	-0.139608	0.796324849128723
LINCSCP_10263	NA	2625	GATA3	0.869176	0.0893322229385376
LINCSCP_10263	NA	2673	GFPT1	2.57763	0.0140631943941116
LINCSCP_10263	NA	2690	GHR	-0.607464	0.343192338943481
LINCSCP_10263	NA	2736	GLI2	-1.89468	0.0165501181036234
LINCSCP_10263	NA	2745	GLRX	3.31042	0.0127477906644344
LINCSCP_10263	NA	2767	GNA11	-0.682644	0.122826039791107
LINCSCP_10263	NA	2769	GNA15	-0.0491592	0.919309258460999
LINCSCP_10263	NA	2770	GNAI1	0.893045	0.0905363410711288
LINCSCP_10263	NA	2771	GNAI2	2.63621	0.00188377464655787
LINCSCP_10263	NA	2778	GNAS	-1.14801	0.0817206874489784
LINCSCP_10263	NA	2810	SFN	0.114746	0.845344424247742
LINCSCP_10263	NA	2817	GPC1	-1.29738	0.083428367972374
LINCSCP_10263	NA	2852	GPER1	-0.50942	0.24125137925148
LINCSCP_10263	NA	2886	GRB7	0.498662	0.312436670064926
LINCSCP_10263	NA	2887	GRB10	-0.375372	0.550341010093689
LINCSCP_10263	NA	2896	GRN	0.127538	0.869278311729431
LINCSCP_10263	NA	2908	NR3C1	-1.77205	0.00877187959849834
LINCSCP_10263	NA	2920	CXCL2	-2.03777	0.0042443391866982
LINCSCP_10263	NA	2946	GSTM2	-0.02106	0.971361696720123
LINCSCP_10263	NA	2954	GSTZ1	0.386043	0.507824957370758
LINCSCP_10263	NA	2956	MSH6	-1.25854	0.0328233204782009
LINCSCP_10263	NA	2958	GTF2A2	1.51019	0.0329227931797504
LINCSCP_10263	NA	2961	GTF2E2	2.59994	0.00314116734080017
LINCSCP_10263	NA	3028	HSD17B10	1.07704	0.0971541628241539
LINCSCP_10263	NA	3033	HADH	1.18018	0.0573282241821289
LINCSCP_10263	NA	3066	HDAC2	1.28356	0.0726884678006172
LINCSCP_10263	NA	3091	HIF1A	1.10144	0.137274786829948
LINCSCP_10263	NA	3098	HK1	1.7703	0.00628642505034804
LINCSCP_10263	NA	3108	HLA-DMA	-0.218545	0.681927800178528
LINCSCP_10263	NA	3122	HLA-DRA	0.683404	0.361657917499542
LINCSCP_10263	NA	3156	HMGCR	1.38129	0.0295148007571697
LINCSCP_10263	NA	3157	HMGCS1	1.67756	0.0136317918077111
LINCSCP_10263	NA	3162	HMOX1	0.224077	0.61868155002594
LINCSCP_10263	NA	3202	HOXA5	-0.437614	0.337053745985031
LINCSCP_10263	NA	3206	HOXA10	-3.32344	0.00206946674734354
LINCSCP_10263	NA	3251	HPRT1	-0.169005	0.67389702796936
LINCSCP_10263	NA	3280	HES1	2.04232	0.16570745408535
LINCSCP_10263	NA	3300	DNAJB2	0.945621	0.327250272035599
LINCSCP_10263	NA	3303	HSPA1A	1.45011	0.0250098928809166
LINCSCP_10263	NA	3308	HSPA4	-0.432809	0.362758755683899
LINCSCP_10263	NA	3312	HSPA8	-0.102874	0.800123035907745
LINCSCP_10263	NA	3315	HSPB1	-0.0702947	0.916543543338776
LINCSCP_10263	NA	3329	HSPD1	0.386897	0.361045211553574
LINCSCP_10263	NA	3337	DNAJB1	3.4017	0.00704890070483088
LINCSCP_10263	NA	3383	ICAM1	0.0794187	0.891250789165497
LINCSCP_10263	NA	3385	ICAM3	1.69027	0.027544341981411
LINCSCP_10263	NA	3398	ID2	0.287923	0.580546140670776
LINCSCP_10263	NA	3416	IDE	-1.01799	0.165787115693092
LINCSCP_10263	NA	3454	IFNAR1	0.725196	0.403354555368423
LINCSCP_10263	NA	3480	IGF1R	-0.099448	0.828937888145447
LINCSCP_10263	NA	3482	IGF2R	-0.163754	0.79147207736969
LINCSCP_10263	NA	3486	IGFBP3	-0.85381	0.0843304470181465
LINCSCP_10263	NA	3508	IGHMBP2	-0.738315	0.136450499296188
LINCSCP_10263	NA	3551	IKBKB	0.0678586	0.875723421573639
LINCSCP_10263	NA	3553	IL1B	0.986941	0.11868704855442
LINCSCP_10263	NA	3566	IL4R	0.5495	0.506765484809875
LINCSCP_10263	NA	3597	IL13RA1	0.050622	0.922710120677948
LINCSCP_10263	NA	3611	ILK	0.85975	0.221455559134483
LINCSCP_10263	NA	3628	INPP1	1.21484	0.0268662143498659
LINCSCP_10263	NA	3638	INSIG1	1.63627	0.0102520091459155
LINCSCP_10263	NA	3682	ITGAE	0.281432	0.523734986782074
LINCSCP_10263	NA	3693	ITGB5	-0.745756	0.168967366218567
LINCSCP_10263	NA	3725	JUN	-0.23124	0.602101027965546
LINCSCP_10263	NA	3775	KCNK1	-1.02431	0.119281575083733
LINCSCP_10263	NA	3800	KIF5C	1.49703	0.0124068148434162
LINCSCP_10263	NA	3815	KIT	1.03059	0.135370895266533
LINCSCP_10263	NA	3895	KTN1	-0.527812	0.403382182121277
LINCSCP_10263	NA	3909	LAMA3	-0.483235	0.496518343687057
LINCSCP_10263	NA	3925	STMN1	-1.68744	0.183743536472321
LINCSCP_10263	NA	3930	LBR	0.435444	0.481369495391846
LINCSCP_10263	NA	3964	LGALS8	0.439191	0.484884709119797
LINCSCP_10263	NA	3978	LIG1	-1.54331	0.050541877746582
LINCSCP_10263	NA	3988	LIPA	2.68844	0.0118020530790091
LINCSCP_10263	NA	4016	LOXL1	0.91575	0.249704703688622
LINCSCP_10263	NA	4043	LRPAP1	0.901796	0.0810929760336876
LINCSCP_10263	NA	4067	LYN	1.32146	0.0810741782188416
LINCSCP_10263	NA	4088	SMAD3	-1.99516	0.0461337007582188
LINCSCP_10263	NA	4125	MAN2B1	1.04767	0.0652359500527382
LINCSCP_10263	NA	4144	MAT2A	-0.768552	0.170574635267258
LINCSCP_10263	NA	4154	MBNL1	0.586228	0.199951589107513
LINCSCP_10263	NA	4172	MCM3	-1.90346	0.0507339239120483
LINCSCP_10263	NA	4200	ME2	0.0854429	0.919618129730225
LINCSCP_10263	NA	4208	MEF2C	-0.261132	0.576011061668396
LINCSCP_10263	NA	4216	MAP3K4	-1.78827	0.0243404116481543
LINCSCP_10263	NA	4232	MEST	-0.602082	0.254677057266235
LINCSCP_10263	NA	4282	MIF	-2.05612	0.0573967657983303
LINCSCP_10263	NA	4303	FOXO4	7.21199	0.0000479979753436055
LINCSCP_10263	NA	4312	MMP1	0.963067	0.126654773950577
LINCSCP_10263	NA	4313	MMP2	0.104936	0.828920841217041
LINCSCP_10263	NA	4331	MNAT1	3.02612	0.00326256593689322
LINCSCP_10263	NA	4482	MSRA	-1.69342	0.00784563273191452
LINCSCP_10263	NA	4582	MUC1	-1.03877	0.0914233103394508
LINCSCP_10263	NA	4605	MYBL2	0.356313	0.611267566680908
LINCSCP_10263	NA	4609	MYC	0.919272	0.0945718288421631
LINCSCP_10263	NA	4616	GADD45B	1.69365	0.0300598610192537
LINCSCP_10263	NA	4638	MYLK	-1.00728	0.0723951533436775
LINCSCP_10263	NA	4651	MYO10	-1.45004	0.0147985061630607
LINCSCP_10263	NA	4690	NCK1	0.198263	0.653954088687897
LINCSCP_10263	NA	4775	NFATC3	0.735233	0.361405849456787
LINCSCP_10263	NA	4776	NFATC4	0.863882	0.212821707129478
LINCSCP_10263	NA	4780	NFE2L2	-1.56646	0.0131610836833715
LINCSCP_10263	NA	4783	NFIL3	2.60677	0.0218340866267681
LINCSCP_10263	NA	4791	NFKB2	0.333605	0.440387010574341
LINCSCP_10263	NA	4792	NFKBIA	-2.81173	0.00517071643844247
LINCSCP_10263	NA	4793	NFKBIB	-0.14706	0.731283366680145
LINCSCP_10263	NA	4794	NFKBIE	1.62937	0.162845507264137
LINCSCP_10263	NA	4817	NIT1	0.703982	0.241683110594749
LINCSCP_10263	NA	4836	NMT1	-1.9798	0.0379342325031757
LINCSCP_10263	NA	4846	NOS3	0.869986	0.153514459729195
LINCSCP_10263	NA	4850	CNOT4	-0.696355	0.179306074976921
LINCSCP_10263	NA	4851	NOTCH1	3.62786	0.17407488822937
LINCSCP_10263	NA	4860	PNP	1.20413	0.0243615936487913
LINCSCP_10263	NA	4864	NPC1	4.43308	0.00532668922096491
LINCSCP_10263	NA	4891	SLC11A2	-2.85147	0.0230870358645916
LINCSCP_10263	NA	4893	NRAS	0.000724309	0.998866736888885
LINCSCP_10263	NA	4925	NUCB2	1.89124	0.00651288218796253
LINCSCP_10263	NA	4927	NUP88	-0.95016	0.0630398169159889
LINCSCP_10263	NA	4931	NVL	-3.69087	0.161010891199112
LINCSCP_10263	NA	4998	ORC1	-0.0351878	0.949430584907532
LINCSCP_10263	NA	5018	OXA1L	-0.140123	0.779547274112701
LINCSCP_10263	NA	5019	OXCT1	-0.850166	0.0761167705059052
LINCSCP_10263	NA	5048	PAFAH1B1	-0.840071	0.22827173769474
LINCSCP_10263	NA	5050	PAFAH1B3	0.650402	0.202791526913643
LINCSCP_10263	NA	5054	SERPINE1	-0.0769678	0.934792399406433
LINCSCP_10263	NA	5058	PAK1	0.101095	0.792492806911469
LINCSCP_10263	NA	5092	PCBD1	-1.78475	0.0164109617471695
LINCSCP_10263	NA	5096	PCCB	-1.12577	0.0613635517656803
LINCSCP_10263	NA	5106	PCK2	-0.525838	0.229730203747749
LINCSCP_10263	NA	5108	PCM1	1.59958	0.00850751157850027
LINCSCP_10263	NA	5110	PCMT1	2.41225	0.00251126801595092
LINCSCP_10263	NA	5111	PCNA	-0.000466206	0.998992502689362
LINCSCP_10263	NA	5154	PDGFA	-0.582278	0.355479657649994
LINCSCP_10263	NA	5211	PFKL	-0.335968	0.409136563539505
LINCSCP_10263	NA	5223	PGAM1	0.430188	0.290793865919113
LINCSCP_10263	NA	5236	PGM1	0.1903	0.690953969955444
LINCSCP_10263	NA	5255	PHKA1	-3.75671	0.0519002191722393
LINCSCP_10263	NA	5257	PHKB	-0.666223	0.300714761018753
LINCSCP_10263	NA	5261	PHKG2	1.77668	0.0198129173368216
LINCSCP_10263	NA	5287	PIK3C2B	1.55852	0.0297788381576538
LINCSCP_10263	NA	5289	PIK3C3	1.34101	0.0178378336131573
LINCSCP_10263	NA	5290	PIK3CA	0.397554	0.357330858707428
LINCSCP_10263	NA	5300	PIN1	0.157595	0.818819105625153
LINCSCP_10263	NA	5321	PLA2G4A	0.198148	0.682155132293701
LINCSCP_10263	NA	5331	PLCB3	3.1418	0.00890873838216066
LINCSCP_10263	NA	5347	PLK1	-2.20263	0.00728372344747186
LINCSCP_10263	NA	5355	PLP2	-1.75843	0.0598181150853634
LINCSCP_10263	NA	5357	PLS1	2.57042	0.0110259391367435
LINCSCP_10263	NA	5359	PLSCR1	0.914557	0.401725918054581
LINCSCP_10263	NA	5366	PMAIP1	0.422192	0.469131112098694
LINCSCP_10263	NA	5373	PMM2	-0.107675	0.883059680461884
LINCSCP_10263	NA	5423	POLB	2.04487	0.0156358033418655
LINCSCP_10263	NA	5427	POLE2	-1.45738	0.0156850069761276
LINCSCP_10263	NA	5438	POLR2I	0.827994	0.0934566259384155
LINCSCP_10263	NA	5440	POLR2K	2.05674	0.0090964799746871
LINCSCP_10263	NA	5467	PPARD	1.15949	0.0317733064293861
LINCSCP_10263	NA	5468	PPARG	0.794736	0.113440729677677
LINCSCP_10263	NA	5480	PPIC	-0.15672	0.715674936771393
LINCSCP_10263	NA	5498	PPOX	1.17739	0.0571527257561684
LINCSCP_10263	NA	5525	PPP2R5A	-1.35958	0.0409693643450737
LINCSCP_10263	NA	5529	PPP2R5E	-0.909958	0.183066159486771
LINCSCP_10263	NA	5547	PRCP	1.75993	0.019391929730773
LINCSCP_10263	NA	5566	PRKACA	1.27114	0.0508738942444324
LINCSCP_10263	NA	5580	PRKCD	2.95016	0.000899252423550934
LINCSCP_10263	NA	5583	PRKCH	0.447152	0.480915695428848
LINCSCP_10263	NA	5588	PRKCQ	0.394476	0.439715802669525
LINCSCP_10263	NA	5601	MAPK9	-0.965257	0.070016086101532
LINCSCP_10263	NA	5603	MAPK13	0.176661	0.736585199832916
LINCSCP_10263	NA	5607	MAP2K5	-0.840593	0.218091726303101
LINCSCP_10263	NA	5613	PRKX	-0.184083	0.735800325870514
LINCSCP_10263	NA	5627	PROS1	-0.66964	0.152871713042259
LINCSCP_10263	NA	5641	LGMN	1.11311	0.0963135734200478
LINCSCP_10263	NA	5654	HTRA1	-0.315912	0.443196147680283
LINCSCP_10263	NA	5696	PSMB8	-2.73475	0.250371336936951
LINCSCP_10263	NA	5699	PSMB10	0.510557	0.555350482463837
LINCSCP_10263	NA	5708	PSMD2	0.0676573	0.899950802326202
LINCSCP_10263	NA	5710	PSMD4	-0.0838375	0.826727509498596
LINCSCP_10263	NA	5715	PSMD9	1.38917	0.162984699010849
LINCSCP_10263	NA	5716	PSMD10	-0.0773722	0.845074415206909
LINCSCP_10263	NA	5720	PSME1	0.892974	0.143813565373421
LINCSCP_10263	NA	5721	PSME2	0.291817	0.601658940315247
LINCSCP_10263	NA	5743	PTGS2	0.545706	0.221686512231827
LINCSCP_10263	NA	5747	PTK2	-0.977166	0.254115253686905
LINCSCP_10263	NA	5770	PTPN1	1.62219	0.0851025730371475
LINCSCP_10263	NA	5777	PTPN6	0.781191	0.132376953959465
LINCSCP_10263	NA	5782	PTPN12	-2.02901	0.10806804895401
LINCSCP_10263	NA	5788	PTPRC	-0.440957	0.483731538057327
LINCSCP_10263	NA	5792	PTPRF	0.0069589	0.9854776263237
LINCSCP_10263	NA	5796	PTPRK	0.267805	0.622146487236023
LINCSCP_10263	NA	5827	PXMP2	1.056	0.135446071624756
LINCSCP_10263	NA	5829	PXN	-0.475697	0.260109722614288
LINCSCP_10263	NA	5831	PYCR1	-0.733377	0.336131870746613
LINCSCP_10263	NA	5836	PYGL	-1.62268	0.0126424059271812
LINCSCP_10263	NA	5867	RAB4A	1.05725	0.509279310703278
LINCSCP_10263	NA	5873	RAB27A	0.457822	0.310663372278214
LINCSCP_10263	NA	5880	RAC2	-0.0168583	0.988873481750488
LINCSCP_10263	NA	5883	RAD9A	3.64409	0.0235609486699104
LINCSCP_10263	NA	5889	RAD51C	0.753834	0.115819841623306
LINCSCP_10263	NA	5891	MOK	0.0777085	0.856887996196747
LINCSCP_10263	NA	5898	RALA	2.60327	0.00439554266631603
LINCSCP_10263	NA	5899	RALB	0.369275	0.429953426122665
LINCSCP_10263	NA	5900	RALGDS	0.75422	0.400845140218735
LINCSCP_10263	NA	5909	RAP1GAP	1.52448	0.0143495965749025
LINCSCP_10263	NA	5921	RASA1	-1.41579	0.0184878595173359
LINCSCP_10263	NA	5925	RB1	-0.127402	0.848431408405304
LINCSCP_10263	NA	5927	KDM5A	-0.687135	0.34960463643074
LINCSCP_10263	NA	5971	RELB	-2.52501	0.00306915142573416
LINCSCP_10263	NA	5982	RFC2	-0.329837	0.485553234815598
LINCSCP_10263	NA	5985	RFC5	0.0778877	0.930315911769867
LINCSCP_10263	NA	5986	RFNG	-1.21393	0.0892064422369003
LINCSCP_10263	NA	5993	RFX5	-1.85297	0.0215235594660044
LINCSCP_10263	NA	5997	RGS2	1.12965	0.0406184755265713
LINCSCP_10263	NA	6009	RHEB	0.539893	0.291791647672653
LINCSCP_10263	NA	6050	RNH1	-2.45837	0.00556127773597836
LINCSCP_10263	NA	6117	RPA1	0.575544	0.200559839606285
LINCSCP_10263	NA	6118	RPA2	-0.469877	0.325407534837723
LINCSCP_10263	NA	6119	RPA3	1.16392	0.0259434543550014
LINCSCP_10263	NA	6182	MRPL12	-0.122732	0.7482088804245
LINCSCP_10263	NA	6184	RPN1	-1.10805	0.156799644231796
LINCSCP_10263	NA	6193	RPS5	1.08106	0.173077091574669
LINCSCP_10263	NA	6194	RPS6	-0.580871	0.245867758989334
LINCSCP_10263	NA	6195	RPS6KA1	1.82371	0.0430164039134979
LINCSCP_10263	NA	6251	RSU1	0.321695	0.574024438858032
LINCSCP_10263	NA	6253	RTN2	0.884521	0.213601559400558
LINCSCP_10263	NA	6275	S100A4	-0.366533	0.425190567970276
LINCSCP_10263	NA	6284	S100A13	-0.131414	0.8697350025177
LINCSCP_10263	NA	6304	SATB1	0.875153	0.294045805931091
LINCSCP_10263	NA	6342	SCP2	-0.582884	0.416745215654373
LINCSCP_10263	NA	6347	CCL2	-0.0037956	0.994216203689575
LINCSCP_10263	NA	6390	SDHB	-0.674142	0.249407365918159
LINCSCP_10263	NA	6443	SGCB	-0.356515	0.511580586433411
LINCSCP_10263	NA	6461	SHB	0.495802	0.343676775693893
LINCSCP_10263	NA	6464	SHC1	0.363449	0.399520754814148
LINCSCP_10263	NA	6499	SKIV2L	-0.807042	0.130465254187584
LINCSCP_10263	NA	6500	SKP1	2.43697	0.0213256292045116
LINCSCP_10263	NA	6509	SLC1A4	0.0556888	0.918905317783356
LINCSCP_10263	NA	6597	SMARCA4	-0.734656	0.372812807559967
LINCSCP_10263	NA	6599	SMARCC1	-1.01013	0.120516091585159
LINCSCP_10263	NA	6603	SMARCD2	0.638498	0.365532845258713
LINCSCP_10263	NA	6616	SNAP25	1.29992	0.0770013481378555
LINCSCP_10263	NA	6622	SNCA	0.159516	0.719657599925995
LINCSCP_10263	NA	6657	SOX2	1.03886	0.0824933275580406
LINCSCP_10263	NA	6659	SOX4	0.572208	0.26653128862381
LINCSCP_10263	NA	6676	SPAG4	1.82321	0.0788901448249817
LINCSCP_10263	NA	6696	SPP1	1.32798	0.0281412657350302
LINCSCP_10263	NA	6697	SPR	-1.79125	0.0357505716383457
LINCSCP_10263	NA	6709	SPTAN1	2.24388	0.0093038734048605
LINCSCP_10263	NA	6714	SRC	-1.08703	0.0503186583518982
LINCSCP_10263	NA	6772	STAT1	0.228655	0.637232005596161
LINCSCP_10263	NA	6774	STAT3	0.735387	0.294143199920654
LINCSCP_10263	NA	6777	STAT5B	-0.832111	0.299317896366119
LINCSCP_10263	NA	6790	AURKA	-1.01705	0.0664393603801727
LINCSCP_10263	NA	6793	STK10	0.521755	0.563524842262268
LINCSCP_10263	NA	6804	STX1A	-1.03114	0.0728709325194359
LINCSCP_10263	NA	6810	STX4	0.157583	0.753798723220825
LINCSCP_10263	NA	6812	STXBP1	3.57454	0.00824493821710348
LINCSCP_10263	NA	6813	STXBP2	-1.06721	0.260898619890213
LINCSCP_10263	NA	6832	SUPV3L1	0.139875	0.787084817886353
LINCSCP_10263	NA	6839	SUV39H1	-5.1818	0.000160793293616734
LINCSCP_10263	NA	6850	SYK	0.131901	0.808233022689819
LINCSCP_10263	NA	6856	SYPL1	-2.09725	0.041951484978199
LINCSCP_10263	NA	6894	TARBP1	-0.521522	0.373766899108887
LINCSCP_10263	NA	6908	TBP	-0.211061	0.829154908657074
LINCSCP_10263	NA	6909	TBX2	-0.447016	0.351007491350174
LINCSCP_10263	NA	6915	TBXA2R	0.305135	0.504186153411865
LINCSCP_10263	NA	6919	TCEA2	-0.162959	0.682322561740875
LINCSCP_10263	NA	6944	VPS72	0.52226	0.409341901540756
LINCSCP_10263	NA	6988	TCTA	-0.411486	0.547646939754486
LINCSCP_10263	NA	6990	DYNLT3	0.428015	0.590986728668213
LINCSCP_10263	NA	7015	TERT	0.399155	0.499935954809189
LINCSCP_10263	NA	7016	TESK1	-1.09758	0.0541568957269192
LINCSCP_10263	NA	7020	TFAP2A	-0.217984	0.589243710041046
LINCSCP_10263	NA	7027	TFDP1	-2.45704	0.0434386543929577
LINCSCP_10263	NA	7043	TGFB3	0.518226	0.462515294551849
LINCSCP_10263	NA	7048	TGFBR2	0.62271	0.280421733856201
LINCSCP_10263	NA	7074	TIAM1	1.19161	0.0780840069055557
LINCSCP_10263	NA	7077	TIMP2	0.706075	0.321979969739914
LINCSCP_10263	NA	7082	TJP1	-0.529738	0.211537897586823
LINCSCP_10263	NA	7088	TLE1	0.497758	0.241479679942131
LINCSCP_10263	NA	7099	TLR4	-0.220164	0.593583524227142
LINCSCP_10263	NA	7105	TSPAN6	-0.598569	0.156992509961128
LINCSCP_10263	NA	7106	TSPAN4	0.0523662	0.900907516479492
LINCSCP_10263	NA	7153	TOP2A	-0.898415	0.252311289310455
LINCSCP_10263	NA	7157	TP53	-1.98689	0.0665625035762787
LINCSCP_10263	NA	7158	TP53BP1	-1.52495	0.0601897351443768
LINCSCP_10263	NA	7159	TP53BP2	2.09545	0.0109255127608776
LINCSCP_10263	NA	7165	TPD52L2	-0.145866	0.90229058265686
LINCSCP_10263	NA	7168	TPM1	-1.11223	0.0580444484949112
LINCSCP_10263	NA	7264	TSTA3	0.926394	0.11908783018589
LINCSCP_10263	NA	7296	TXNRD1	-1.37961	0.0864487886428833
LINCSCP_10263	NA	7319	UBE2A	1.12869	0.286691308021545
LINCSCP_10263	NA	7358	UGDH	-0.822598	0.257521688938141
LINCSCP_10263	NA	7376	NR1H2	-0.488965	0.446651339530945
LINCSCP_10263	NA	7398	USP1	-1.45946	0.0751091912388802
LINCSCP_10263	NA	7416	VDAC1	-0.572083	0.172947630286217
LINCSCP_10263	NA	7466	WFS1	3.21483	0.000991349690593779
LINCSCP_10263	NA	7485	WRB	0.615459	0.209877252578735
LINCSCP_10263	NA	7494	XBP1	-1.47733	0.0171746220439672
LINCSCP_10263	NA	7511	XPNPEP1	1.26807	0.149638533592224
LINCSCP_10263	NA	7538	ZFP36	0.30865	0.560015738010406
LINCSCP_10263	NA	7690	ZNF131	0.0221948	0.953103244304657
LINCSCP_10263	NA	7750	ZMYM2	0.0318504	0.947853684425354
LINCSCP_10263	NA	7849	PAX8	0.738532	0.107837915420532
LINCSCP_10263	NA	7852	CXCR4	0.381434	0.462804734706879
LINCSCP_10263	NA	7866	IFRD2	-1.17652	0.0348641090095043
LINCSCP_10263	NA	7867	MAPKAPK3	-0.103835	0.842093706130981
LINCSCP_10263	NA	7874	USP7	-2.12944	0.0153190605342388
LINCSCP_10263	NA	7905	REEP5	1.04829	0.042128924280405
LINCSCP_10263	NA	7982	ST7	-2.09132	0.0109949670732021
LINCSCP_10263	NA	7994	KAT6A	-2.985	0.20520855486393
LINCSCP_10263	NA	8050	PDHX	-1.31423	0.0444196090102196
LINCSCP_10263	NA	8061	FOSL1	-5.93469	0.0010226828744635
LINCSCP_10263	NA	8091	HMGA2	-1.20178	0.0770038291811943
LINCSCP_10263	NA	8202	NCOA3	0.37103	0.393285304307938
LINCSCP_10263	NA	8204	NRIP1	-4.36027	0.0996793434023857
LINCSCP_10263	NA	8243	SMC1A	-1.47295	0.191327720880508
LINCSCP_10263	NA	8270	LAGE3	0.22955	0.56128054857254
LINCSCP_10263	NA	8312	AXIN1	-1.22075	0.0219951886683702
LINCSCP_10263	NA	8318	CDC45	0.0993368	0.874622344970703
LINCSCP_10263	NA	8321	FZD1	-0.593555	0.235266894102097
LINCSCP_10263	NA	8324	FZD7	0.00770683	0.986276209354401
LINCSCP_10263	NA	8349	HIST2H2BE	0.233039	0.575115203857422
LINCSCP_10263	NA	8396	PIP4K2B	-1.28096	0.0518274307250977
LINCSCP_10263	NA	8440	NCK2	-0.0239956	0.973580300807953
LINCSCP_10263	NA	8444	DYRK3	1.60642	0.016306908801198
LINCSCP_10263	NA	8446	DUSP11	-0.0127647	0.983031809329987
LINCSCP_10263	NA	8480	RAE1	-1.75085	0.029976287856698
LINCSCP_10263	NA	8503	PIK3R3	1.54126	0.0452061481773853
LINCSCP_10263	NA	8508	NIPSNAP1	-0.204119	0.702476024627686
LINCSCP_10263	NA	8518	IKBKAP	0.0535639	0.905277729034424
LINCSCP_10263	NA	8520	HAT1	0.0231866	0.976659834384918
LINCSCP_10263	NA	8550	MAPKAPK5	-1.32945	0.0196623429656029
LINCSCP_10263	NA	8553	BHLHE40	-1.49577	0.0160607006400824
LINCSCP_10263	NA	8569	MKNK1	0.259813	0.722073316574097
LINCSCP_10263	NA	8573	CASK	-0.729571	0.327492713928223
LINCSCP_10263	NA	8574	AKR7A2	1.09229	0.0711685121059418
LINCSCP_10263	NA	8607	RUVBL1	0.308128	0.534483551979065
LINCSCP_10263	NA	8624	PSMG1	0.475272	0.304638564586639
LINCSCP_10263	NA	8678	BECN1	-0.219273	0.583294034004211
LINCSCP_10263	NA	8720	MBTPS1	-0.154671	0.758995950222015
LINCSCP_10263	NA	8726	EED	0.125922	0.844081103801727
LINCSCP_10263	NA	8727	CTNNAL1	3.42859	0.0577081777155399
LINCSCP_10263	NA	8731	RNMT	0.0182538	0.966636717319489
LINCSCP_10263	NA	8800	PEX11A	0.278134	0.626616239547729
LINCSCP_10263	NA	8804	CREG1	0.409253	0.757590532302856
LINCSCP_10263	NA	8821	INPP4B	-0.336491	0.454099416732788
LINCSCP_10263	NA	8826	IQGAP1	0.51599	0.35200172662735
LINCSCP_10263	NA	8835	SOCS2	-0.495126	0.373116016387939
LINCSCP_10263	NA	8837	CFLAR	-2.20729	0.0384333319962025
LINCSCP_10263	NA	8851	CDK5R1	-1.30941	0.0328607894480228
LINCSCP_10263	NA	8869	ST3GAL5	-0.644221	0.521539747714996
LINCSCP_10263	NA	8870	IER3	3.12696	0.00418460601940751
LINCSCP_10263	NA	8878	SQSTM1	-0.27199	0.638306438922882
LINCSCP_10263	NA	8884	SLC5A6	-0.841441	0.138371348381042
LINCSCP_10263	NA	8895	CPNE3	1.70411	0.00921162497252226
LINCSCP_10263	NA	8900	CCNA1	3.39549	0.0614042244851589
LINCSCP_10263	NA	8914	TIMELESS	-3.71983	0.00175257888622582
LINCSCP_10263	NA	8974	P4HA2	-0.397992	0.442428827285767
LINCSCP_10263	NA	8985	PLOD3	0.499908	0.491071879863739
LINCSCP_10263	NA	8996	NOL3	0.152854	0.793637156486511
LINCSCP_10263	NA	9016	SLC25A14	1.70694	0.028194347396493
LINCSCP_10263	NA	9019	MPZL1	0.898176	0.0574175603687763
LINCSCP_10263	NA	9053	MAP7	-1.67878	0.0104017052799463
LINCSCP_10263	NA	9093	DNAJA3	0.00000719516	0.999984443187714
LINCSCP_10263	NA	9097	USP14	-0.882946	0.176533818244934
LINCSCP_10263	NA	9112	MTA1	-1.28759	0.0439381189644337
LINCSCP_10263	NA	9124	PDLIM1	0.0531204	0.947055280208588
LINCSCP_10263	NA	9126	SMC3	-0.227069	0.56303882598877
LINCSCP_10263	NA	9128	PRPF4	-0.0456596	0.943892061710358
LINCSCP_10263	NA	9133	CCNB2	-3.7994	0.000542137597221881
LINCSCP_10263	NA	9134	CCNE2	0.751028	0.112136214971542
LINCSCP_10263	NA	9143	SYNGR3	2.066	0.064459003508091
LINCSCP_10263	NA	9170	LPAR2	-0.397371	0.386911541223526
LINCSCP_10263	NA	9181	ARHGEF2	0.0170754	0.980430006980896
LINCSCP_10263	NA	9183	ZW10	1.50966	0.156540364027023
LINCSCP_10263	NA	9212	AURKB	0.635825	0.309183478355408
LINCSCP_10263	NA	9217	VAPB	-0.988005	0.0470171682536602
LINCSCP_10263	NA	9221	NOLC1	0.566443	0.240444719791412
LINCSCP_10263	NA	9246	UBE2L6	1.9291	0.0110098505392671
LINCSCP_10263	NA	9261	MAPKAPK2	1.48773	0.0902547165751457
LINCSCP_10263	NA	9267	CYTH1	1.50615	0.0327224209904671
LINCSCP_10263	NA	9270	ITGB1BP1	-0.296827	0.467199981212616
LINCSCP_10263	NA	9275	BCL7B	-1.407	0.0532376654446125
LINCSCP_10263	NA	9276	COPB2	0.275115	0.620280861854553
LINCSCP_10263	NA	9289	ADGRG1	-0.0546082	0.930653929710388
LINCSCP_10263	NA	9375	TM9SF2	1.62485	0.037644736468792
LINCSCP_10263	NA	9448	MAP4K4	0.012364	0.976666271686554
LINCSCP_10263	NA	9455	HOMER2	-0.915573	0.114014953374863
LINCSCP_10263	NA	9467	SH3BP5	0.76413	0.0926286280155182
LINCSCP_10263	NA	9488	PIGB	-3.46676	0.00055812211940065
LINCSCP_10263	NA	9491	PSMF1	-0.451326	0.415024757385254
LINCSCP_10263	NA	9517	SPTLC2	1.61942	0.0640742853283882
LINCSCP_10263	NA	9519	TBPL1	1.48715	0.0689196437597275
LINCSCP_10263	NA	9531	BAG3	0.406893	0.311151206493378
LINCSCP_10263	NA	9533	POLR1C	-0.0953952	0.807665407657623
LINCSCP_10263	NA	9552	SPAG7	-3.64994	0.00432334979996085
LINCSCP_10263	NA	9637	FEZ2	-1.07327	0.37079992890358
LINCSCP_10263	NA	9641	IKBKE	-0.343732	0.637871742248535
LINCSCP_10263	NA	9650	MTFR1	0.407444	0.452095627784729
LINCSCP_10263	NA	9653	HS2ST1	-0.0984171	0.796952903270721
LINCSCP_10263	NA	9670	IPO13	0.50711	0.346206665039062
LINCSCP_10263	NA	9686	VGLL4	-1.48625	0.201154291629791
LINCSCP_10263	NA	9688	NUP93	1.88685	0.0330154486000538
LINCSCP_10263	NA	9690	UBE3C	-0.144996	0.711707353591919
LINCSCP_10263	NA	9695	EDEM1	0.67448	0.147196188569069
LINCSCP_10263	NA	9697	TRAM2	3.60285	0.0378034487366676
LINCSCP_10263	NA	9702	CEP57	0.370659	0.511782288551331
LINCSCP_10263	NA	9703	KIAA0100	-0.0299233	0.961136639118195
LINCSCP_10263	NA	9709	HERPUD1	-1.74063	0.0522486567497253
LINCSCP_10263	NA	9710	KIAA0355	-0.0699969	0.916316151618958
LINCSCP_10263	NA	9712	USP6NL	-0.657867	0.209732592105865
LINCSCP_10263	NA	9738	CCP110	0.0747094	0.939086973667145
LINCSCP_10263	NA	9761	MLEC	2.7774	0.0104210814461112
LINCSCP_10263	NA	9797	TATDN2	-0.412702	0.427692800760269
LINCSCP_10263	NA	9801	MRPL19	-2.13102	0.0574509464204311
LINCSCP_10263	NA	9805	SCRN1	-0.803973	0.0899566188454628
LINCSCP_10263	NA	9813	EFCAB14	0.684665	0.119451247155666
LINCSCP_10263	NA	9817	KEAP1	-8.08345	0.000280182459391654
LINCSCP_10263	NA	9833	MELK	-1.85874	0.142698645591736
LINCSCP_10263	NA	9842	PLEKHM1	0.146669	0.767898380756378
LINCSCP_10263	NA	9847	C2CD5	-1.78819	0.0134185384958982
LINCSCP_10263	NA	9851	KIAA0753	0.332756	0.447130858898163
LINCSCP_10263	NA	9854	C2CD2L	3.03506	0.00259008863940835
LINCSCP_10263	NA	9868	TOMM70A	-0.512043	0.569679975509644
LINCSCP_10263	NA	9897	KIAA0196	0.604674	0.176896542310715
LINCSCP_10263	NA	9903	KLHL21	0.0675304	0.874176144599915
LINCSCP_10263	NA	9915	ARNT2	0.258354	0.50512284040451
LINCSCP_10263	NA	9917	FAM20B	-1.64981	0.0182431284338236
LINCSCP_10263	NA	9918	NCAPD2	-0.936407	0.141617655754089
LINCSCP_10263	NA	9924	PAN2	0.742259	0.184001564979553
LINCSCP_10263	NA	9926	LPGAT1	-2.44354	0.0204233881086111
LINCSCP_10263	NA	9928	KIF14	0.0969561	0.846092581748962
LINCSCP_10263	NA	9943	OXSR1	0.983102	0.0782469883561134
LINCSCP_10263	NA	9961	MVP	-0.224629	0.734687983989716
LINCSCP_10263	NA	9988	DMTF1	1.10127	0.234781876206398
LINCSCP_10263	NA	10007	GNPDA1	-0.600563	0.248401448130608
LINCSCP_10263	NA	10013	HDAC6	-1.02938	0.0588527731597424
LINCSCP_10263	NA	10038	PARP2	-8.76107	0.000229451412451454
LINCSCP_10263	NA	10046	MAMLD1	0.125896	0.762147665023804
LINCSCP_10263	NA	10049	DNAJB6	1.3292	0.0976554080843925
LINCSCP_10263	NA	10051	SMC4	-0.362067	0.503964245319366
LINCSCP_10263	NA	10057	ABCC5	-1.23218	0.04623943567276
LINCSCP_10263	NA	10058	ABCB6	-0.873463	0.124345526099205
LINCSCP_10263	NA	10059	DNM1L	0.528866	0.210138767957687
LINCSCP_10263	NA	10099	TSPAN3	0.750599	0.116561077535152
LINCSCP_10263	NA	10112	KIF20A	-0.882668	0.136867254972458
LINCSCP_10263	NA	10123	ARL4C	-0.804081	0.106505714356899
LINCSCP_10263	NA	10131	TRAP1	-1.64298	0.0103338798508048
LINCSCP_10263	NA	10146	G3BP1	0.107898	0.835271179676056
LINCSCP_10263	NA	10150	MBNL2	-0.559351	0.248374119400978
LINCSCP_10263	NA	10153	CEBPZ	-0.0315282	0.951866090297699
LINCSCP_10263	NA	10165	SLC25A13	-1.38996	0.0572928488254547
LINCSCP_10263	NA	10174	SORBS3	-0.375831	0.445815801620483
LINCSCP_10263	NA	10180	RBM6	-0.149673	0.812294840812683
LINCSCP_10263	NA	10190	TXNDC9	0.839672	0.0892792120575905
LINCSCP_10263	NA	10206	TRIM13	0.299232	0.525047600269318
LINCSCP_10263	NA	10221	TRIB1	0.286646	0.558023273944855
LINCSCP_10263	NA	10227	MFSD10	-0.37154	0.669295847415924
LINCSCP_10263	NA	10237	SLC35B1	0.0221723	0.96752941608429
LINCSCP_10263	NA	10245	TIMM17B	0.0577067	0.889479458332062
LINCSCP_10263	NA	10270	AKAP8	-0.625721	0.686812460422516
LINCSCP_10263	NA	10273	STUB1	0.185602	0.64162415266037
LINCSCP_10263	NA	10276	NET1	0.34835	0.496810883283615
LINCSCP_10263	NA	10285	SMNDC1	-1.37859	0.016709117218852
LINCSCP_10263	NA	10298	PAK4	-3.33584	0.00352985272184014
LINCSCP_10263	NA	10318	TNIP1	-0.646169	0.204772502183914
LINCSCP_10263	NA	10320	IKZF1	0.819329	0.115466073155403
LINCSCP_10263	NA	10329	TMEM5	-1.28416	0.0381573066115379
LINCSCP_10263	NA	10362	HMG20B	1.26831	0.0258201099932194
LINCSCP_10263	NA	10398	MYL9	0.900052	0.231027752161026
LINCSCP_10263	NA	10434	LYPLA1	1.01893	0.0524487942457199
LINCSCP_10263	NA	10450	PPIE	-1.82528	0.0134441461414099
LINCSCP_10263	NA	10451	VAV3	-0.935487	0.140093073248863
LINCSCP_10263	NA	10489	LRRC41	-1.60749	0.0167187862098217
LINCSCP_10263	NA	10491	CRTAP	-1.51494	0.0797242671251297
LINCSCP_10263	NA	10493	VAT1	2.26987	0.00223292107693851
LINCSCP_10263	NA	10494	STK25	-1.83506	0.00663479929789901
LINCSCP_10263	NA	10513	APPBP2	2.07934	0.00418291427195072
LINCSCP_10263	NA	10523	CHERP	-0.699397	0.110293909907341
LINCSCP_10263	NA	10525	HYOU1	0.00904038	0.987274646759033
LINCSCP_10263	NA	10557	RPP38	-2.64403	0.00558316800743341
LINCSCP_10263	NA	10559	SLC35A1	0.790881	0.10759773850441
LINCSCP_10263	NA	10589	DRAP1	-0.273544	0.671690583229065
LINCSCP_10263	NA	10606	PAICS	-0.684204	0.188333332538605
LINCSCP_10263	NA	10610	ST6GALNAC2	-1.07209	0.0551169477403164
LINCSCP_10263	NA	10617	STAMBP	-0.156092	0.760857462882996
LINCSCP_10263	NA	10641	NPRL2	1.77842	0.0245374944061041
LINCSCP_10263	NA	10644	IGF2BP2	0.694283	0.285771191120148
LINCSCP_10263	NA	10652	YKT6	1.67906	0.0218900721520185
LINCSCP_10263	NA	10668	CGRRF1	2.29195	0.0117772435769439
LINCSCP_10263	NA	10670	RRAGA	2.60944	0.00178771500941366
LINCSCP_10263	NA	10681	GNB5	-1.48351	0.10813944041729
LINCSCP_10263	NA	10682	EBP	0.634692	0.176770374178886
LINCSCP_10263	NA	10695	CNPY3	-0.871375	0.0848513916134834
LINCSCP_10263	NA	10730	YME1L1	-3.01278	0.282204002141953
LINCSCP_10263	NA	10732	TCFL5	1.5485	0.0466626733541489
LINCSCP_10263	NA	10765	KDM5B	2.39866	0.0364142097532749
LINCSCP_10263	NA	10775	POP4	-1.47834	0.0114553952589631
LINCSCP_10263	NA	10776	ARPP19	-1.34937	0.243412226438522
LINCSCP_10263	NA	10782	ZNF274	0.258303	0.531408965587616
LINCSCP_10263	NA	10797	MTHFD2	-0.821006	0.115689836442471
LINCSCP_10263	NA	10810	WASF3	0.564833	0.324513375759125
LINCSCP_10263	NA	10813	UTP14A	0.488992	0.487942755222321
LINCSCP_10263	NA	10818	FRS2	1.63114	0.0845921784639359
LINCSCP_10263	NA	10845	CLPX	-1.72608	0.0144385974854231
LINCSCP_10263	NA	10857	PGRMC1	0.453092	0.374064564704895
LINCSCP_10263	NA	10892	MALT1	0.947172	0.10214501619339
LINCSCP_10263	NA	10898	CPSF4	-0.660761	0.24815060198307
LINCSCP_10263	NA	10904	BLCAP	1.86092	0.0229586306959391
LINCSCP_10263	NA	10915	TCERG1	-5.07935	0.0046123368665576
LINCSCP_10263	NA	10921	RNPS1	0.260627	0.667594254016876
LINCSCP_10263	NA	10953	TOMM34	1.28035	0.0428478196263313
LINCSCP_10263	NA	10954	PDIA5	-1.10742	0.115077957510948
LINCSCP_10263	NA	10962	MLLT11	-2.49196	0.0289607681334019
LINCSCP_10263	NA	10969	EBNA1BP2	1.23326	0.0242425221949816
LINCSCP_10263	NA	10972	TMED10	0.12509	0.760688602924347
LINCSCP_10263	NA	10973	ASCC3	0.432542	0.330571085214615
LINCSCP_10263	NA	11000	SLC27A3	-1.08765	0.0420516990125179
LINCSCP_10263	NA	11004	KIF2C	0.57899	0.176880165934563
LINCSCP_10263	NA	11007	CCDC85B	0.543335	0.51194030046463
LINCSCP_10263	NA	11011	TLK2	0.422937	0.300393491983414
LINCSCP_10263	NA	11014	KDELR2	0.98953	0.0657069012522697
LINCSCP_10263	NA	11031	RAB31	0.208893	0.649606108665466
LINCSCP_10263	NA	11041	B4GAT1	1.0636	0.053701251745224
LINCSCP_10263	NA	11044	PAPD7	0.0256256	0.962956428527832
LINCSCP_10263	NA	11065	UBE2C	-1.56383	0.0118413604795933
LINCSCP_10263	NA	11072	DUSP14	3.33171	0.00451356871053576
LINCSCP_10263	NA	11073	TOPBP1	-0.436839	0.634101331233978
LINCSCP_10263	NA	11098	PRSS23	-1.87375	0.0242670644074678
LINCSCP_10263	NA	11137	PWP1	-2.6126	0.0486493743956089
LINCSCP_10263	NA	11142	PKIG	2.08937	0.0367882885038853
LINCSCP_10263	NA	11151	CORO1A	1.36508	0.0182725340127945
LINCSCP_10263	NA	11157	LSM6	-1.88087	0.0214266311377287
LINCSCP_10263	NA	11168	PSIP1	-1.58491	0.354522079229355
LINCSCP_10263	NA	11182	SLC2A6	1.80116	0.0214048866182566
LINCSCP_10263	NA	11188	NISCH	0.304692	0.503992319107056
LINCSCP_10263	NA	11200	CHEK2	1.31708	0.0310357678681612
LINCSCP_10263	NA	11230	PRAF2	0.0320564	0.972863972187042
LINCSCP_10263	NA	11232	POLG2	-2.31992	0.43386834859848
LINCSCP_10263	NA	11261	CHP1	1.28144	0.0724460110068321
LINCSCP_10263	NA	11284	PNKP	0.547996	0.253249496221542
LINCSCP_10263	NA	11319	ECD	1.80275	0.27237606048584
LINCSCP_10263	NA	11325	DDX42	0.1627	0.800305783748627
LINCSCP_10263	NA	11344	TWF2	0.0992451	0.82854688167572
LINCSCP_10263	NA	22794	CASC3	-2.7863	0.00128002499695867
LINCSCP_10263	NA	22796	COG2	0.933002	0.129696384072304
LINCSCP_10263	NA	22809	ATF5	-8.17811	0.00241106259636581
LINCSCP_10263	NA	22823	MTF2	1.8486	0.00987932924181223
LINCSCP_10263	NA	22827	PUF60	-0.851674	0.146100699901581
LINCSCP_10263	NA	22841	RAB11FIP2	-3.49885	0.00507469661533833
LINCSCP_10263	NA	22883	CLSTN1	-1.13007	0.088002048432827
LINCSCP_10263	NA	22887	FOXJ3	-0.247783	0.622836291790009
LINCSCP_10263	NA	22889	KIAA0907	0.260252	0.50780987739563
LINCSCP_10263	NA	22905	EPN2	-0.262316	0.597387731075287
LINCSCP_10263	NA	22908	SACM1L	-0.709987	0.196607068181038
LINCSCP_10263	NA	22926	ATF6	1.72056	0.0595733076334
LINCSCP_10263	NA	22934	RPIA	-2.65381	0.00441723223775625
LINCSCP_10263	NA	23011	RAB21	-0.208233	0.704050958156586
LINCSCP_10263	NA	23013	SPEN	0.955489	0.260524868965149
LINCSCP_10263	NA	23014	FBXO21	0.236201	0.55054783821106
LINCSCP_10263	NA	23029	RBM34	-1.48965	0.0882325619459152
LINCSCP_10263	NA	23038	WDTC1	3.13929	0.00793074443936348
LINCSCP_10263	NA	23039	XPO7	-0.176317	0.76267272233963
LINCSCP_10263	NA	23061	TBC1D9B	0.237964	0.753399550914764
LINCSCP_10263	NA	23076	RRP1B	1.46389	0.0411053001880646
LINCSCP_10263	NA	23077	MYCBP2	0.773733	0.232715517282486
LINCSCP_10263	NA	23097	CDK19	-0.0653426	0.86605566740036
LINCSCP_10263	NA	23131	GPATCH8	-0.208279	0.809291362762451
LINCSCP_10263	NA	23139	MAST2	0.855996	0.250053286552429
LINCSCP_10263	NA	23142	DCUN1D4	0.51	0.224347323179245
LINCSCP_10263	NA	23149	FCHO1	0.00315153	0.99753475189209
LINCSCP_10263	NA	23161	SNX13	0.636671	0.136646211147308
LINCSCP_10263	NA	23200	ATP11B	-0.252793	0.609134078025818
LINCSCP_10263	NA	23210	JMJD6	0.632343	0.164305597543716
LINCSCP_10263	NA	23212	RRS1	-2.69938	0.00408590398728848
LINCSCP_10263	NA	23223	RRP12	-4.06731	0.0670200437307358
LINCSCP_10263	NA	23224	SYNE2	-2.08979	0.00345945870503783
LINCSCP_10263	NA	23244	PDS5A	-1.12851	0.155014231801033
LINCSCP_10263	NA	23271	CAMSAP2	-0.492031	0.243120566010475
LINCSCP_10263	NA	23300	ATMIN	0.910102	0.0572268441319466
LINCSCP_10263	NA	23321	TRIM2	0.449735	0.398963928222656
LINCSCP_10263	NA	23325	KIAA1033	3.72585	0.00668656546622515
LINCSCP_10263	NA	23326	USP22	-2.82005	0.098007932305336
LINCSCP_10263	NA	23335	WDR7	1.56881	0.0303017999976873
LINCSCP_10263	NA	23338	JADE2	-4.39669	0.00105008645914495
LINCSCP_10263	NA	23365	ARHGEF12	0.914351	0.370824217796326
LINCSCP_10263	NA	23368	PPP1R13B	-0.796546	0.0865716859698296
LINCSCP_10263	NA	23378	RRP8	0.573211	0.387155920267105
LINCSCP_10263	NA	23386	NUDCD3	-1.02937	0.259663611650467
LINCSCP_10263	NA	23410	SIRT3	0.832846	0.310974806547165
LINCSCP_10263	NA	23443	SLC35A3	0.0900381	0.87042361497879
LINCSCP_10263	NA	23463	ICMT	1.28491	0.0795461013913155
LINCSCP_10263	NA	23499	MACF1	0.787826	0.150147616863251
LINCSCP_10263	NA	23512	SUZ12	-1.81051	0.0656787604093552
LINCSCP_10263	NA	23522	KAT6B	-1.04773	0.197499930858612
LINCSCP_10263	NA	23530	NNT	-1.03435	0.0411646738648415
LINCSCP_10263	NA	23536	ADAT1	-0.440085	0.391187131404877
LINCSCP_10263	NA	23585	TMEM50A	1.74029	0.0333407856523991
LINCSCP_10263	NA	23588	KLHDC2	0.817793	0.0836734175682068
LINCSCP_10263	NA	23597	ACOT9	1.13313	0.116757981479168
LINCSCP_10263	NA	23635	SSBP2	0.560867	0.240549862384796
LINCSCP_10263	NA	23636	NUP62	-1.95223	0.0401438362896442
LINCSCP_10263	NA	23647	ARFIP2	1.65688	0.0136759048327804
LINCSCP_10263	NA	23658	LSM5	0.528692	0.299134731292725
LINCSCP_10263	NA	23659	PLA2G15	5.93435	0.00218902947381139
LINCSCP_10263	NA	23670	TMEM2	1.30658	0.222996443510056
LINCSCP_10263	NA	24149	ZNF318	-0.426834	0.3307845890522
LINCSCP_10263	NA	25793	FBXO7	0.296491	0.809824645519257
LINCSCP_10263	NA	25803	SPDEF	0.23248	0.612923562526703
LINCSCP_10263	NA	25805	BAMBI	1.97123	0.00384767586365342
LINCSCP_10263	NA	25825	BACE2	0.0725917	0.871025145053864
LINCSCP_10263	NA	25839	COG4	0.326469	0.398819893598557
LINCSCP_10263	NA	25874	MPC2	-0.0733144	0.95111221075058
LINCSCP_10263	NA	25932	CLIC4	2.14892	0.00866204127669334
LINCSCP_10263	NA	25966	C2CD2	-0.0371103	0.97242134809494
LINCSCP_10263	NA	25976	TIPARP	1.58229	0.023746594786644
LINCSCP_10263	NA	25987	TSKU	-5.27722	0.00120717205572873
LINCSCP_10263	NA	26001	RNF167	1.99869	0.00717959273606539
LINCSCP_10263	NA	26020	LRP10	-2.92994	0.00795621518045664
LINCSCP_10263	NA	26036	ZNF451	0.694165	0.235306233167648
LINCSCP_10263	NA	26054	SENP6	-3.17686	0.00437868200242519
LINCSCP_10263	NA	26064	RAI14	-1.11414	0.0690322816371918
LINCSCP_10263	NA	26128	KIF1BP	0.184622	0.639289259910583
LINCSCP_10263	NA	26136	TES	1.48384	0.0203255098313093
LINCSCP_10263	NA	26227	PHGDH	0.584373	0.220628246665001
LINCSCP_10263	NA	26292	MYCBP	1.71525	0.00960335042327642
LINCSCP_10263	NA	26511	CHIC2	1.26839	0.0217298567295074
LINCSCP_10263	NA	26520	TIMM9	-1.64604	0.0529308095574379
LINCSCP_10263	NA	26993	AKAP8L	-0.275656	0.561366319656372
LINCSCP_10263	NA	27032	ATP2C1	-1.32657	0.036314282566309
LINCSCP_10263	NA	27095	TRAPPC3	0.902429	0.0883513540029526
LINCSCP_10263	NA	27109	ATP5S	0.165468	0.682951509952545
LINCSCP_10263	NA	27242	TNFRSF21	-0.783154	0.166293099522591
LINCSCP_10263	NA	27244	SESN1	-0.479961	0.24424035847187
LINCSCP_10263	NA	27336	HTATSF1	-0.460809	0.409745365381241
LINCSCP_10263	NA	27346	TMEM97	0.949476	0.137871712446213
LINCSCP_10263	NA	28969	BZW2	1.4205	0.272549539804459
LINCSCP_10263	NA	29082	CHMP4A	-0.459856	0.423736244440079
LINCSCP_10263	NA	29083	GTPBP8	-1.49101	0.10659795999527
LINCSCP_10263	NA	29103	DNAJC15	-1.14103	0.0314743407070637
LINCSCP_10263	NA	29763	PACSIN3	-0.251913	0.772974848747253
LINCSCP_10263	NA	29890	RBM15B	-0.294058	0.448620498180389
LINCSCP_10263	NA	29911	HOOK2	1.90512	0.0106608672067523
LINCSCP_10263	NA	29916	SNX11	-0.300133	0.596549153327942
LINCSCP_10263	NA	29928	TIMM22	2.61533	0.043052114546299
LINCSCP_10263	NA	29937	NENF	-2.43359	0.230438783764839
LINCSCP_10263	NA	29978	UBQLN2	-0.169361	0.682194948196411
LINCSCP_10263	NA	30001	ERO1L	1.85697	0.0129259573295712
LINCSCP_10263	NA	30836	DNTTIP2	0.128613	0.793057024478912
LINCSCP_10263	NA	30849	PIK3R4	-0.471379	0.646299362182617
LINCSCP_10263	NA	50810	HDGFRP3	-0.727296	0.288978010416031
LINCSCP_10263	NA	50813	COPS7A	-2.17062	0.0059725334867835
LINCSCP_10263	NA	50814	NSDHL	0.409287	0.568016827106476
LINCSCP_10263	NA	50865	HEBP1	0.524618	0.542082130908966
LINCSCP_10263	NA	51001	MTERF3	0.50754	0.251958459615707
LINCSCP_10263	NA	51005	AMDHD2	0.365629	0.628881633281708
LINCSCP_10263	NA	51015	ISOC1	0.255532	0.590861797332764
LINCSCP_10263	NA	51021	MRPS16	-0.239787	0.571566760540009
LINCSCP_10263	NA	51024	FIS1	-1.87266	0.00517716957256198
LINCSCP_10263	NA	51026	GOLT1B	1.07181	0.0358760431408882
LINCSCP_10263	NA	51031	GLOD4	-0.519287	0.503789246082306
LINCSCP_10263	NA	51053	GMNN	0.667304	0.15209773182869
LINCSCP_10263	NA	51056	LAP3	0.175725	0.74077171087265
LINCSCP_10263	NA	51070	NOSIP	3.47736	0.00210888194851577
LINCSCP_10263	NA	51071	DERA	-0.270043	0.634266376495361
LINCSCP_10263	NA	51097	SCCPDH	-2.1603	0.00868035107851028
LINCSCP_10263	NA	51116	MRPS2	-1.24863	0.0635340437293053
LINCSCP_10263	NA	51160	VPS28	-1.36984	0.0608076602220535
LINCSCP_10263	NA	51170	HSD17B11	-0.139625	0.801039576530457
LINCSCP_10263	NA	51203	NUSAP1	0.0960607	0.862955510616302
LINCSCP_10263	NA	51282	SCAND1	0.565224	0.230647176504135
LINCSCP_10263	NA	51293	CD320	-1.47342	0.105214647948742
LINCSCP_10263	NA	51335	NGRN	0.826263	0.355671256780624
LINCSCP_10263	NA	51375	SNX7	0.594243	0.196180462837219
LINCSCP_10263	NA	51382	ATP6V1D	1.80183	0.0116822253912687
LINCSCP_10263	NA	51385	ZNF589	-0.887971	0.173867404460907
LINCSCP_10263	NA	51422	PRKAG2	0.295261	0.678155183792114
LINCSCP_10263	NA	51465	UBE2J1	-0.748194	0.117390058934689
LINCSCP_10263	NA	51466	EVL	-0.420276	0.411252439022064
LINCSCP_10263	NA	51495	HACD3	-0.0624698	0.877788782119751
LINCSCP_10263	NA	51569	UFM1	-0.112335	0.809601426124573
LINCSCP_10263	NA	51599	LSR	-0.624735	0.349970877170563
LINCSCP_10263	NA	51635	DHRS7	-3.54035	0.0518788285553455
LINCSCP_10263	NA	51719	CAB39	1.07604	0.266987770795822
LINCSCP_10263	NA	51742	ARID4B	0.879913	0.149090051651001
LINCSCP_10263	NA	53343	NUDT9	0.13095	0.741708338260651
LINCSCP_10263	NA	54205	CYCS	1.48299	0.0164928529411554
LINCSCP_10263	NA	54386	TERF2IP	1.23216	0.0549159236252308
LINCSCP_10263	NA	54438	GFOD1	0.685523	0.123501889407635
LINCSCP_10263	NA	54442	KCTD5	1.63886	0.0184401702135801
LINCSCP_10263	NA	54499	TMCO1	2.27621	0.00834689475595951
LINCSCP_10263	NA	54505	DHX29	1.04407	0.0654532834887505
LINCSCP_10263	NA	54512	EXOSC4	-1.20643	0.193120360374451
LINCSCP_10263	NA	54541	DDIT4	-0.0624773	0.898387849330902
LINCSCP_10263	NA	54623	PAF1	1.29089	0.154442459344864
LINCSCP_10263	NA	54681	P4HTM	-0.893593	0.204866126179695
LINCSCP_10263	NA	54733	SLC35F2	-3.01553	0.10177755355835
LINCSCP_10263	NA	54807	ZNF586	-0.752189	0.13236890733242
LINCSCP_10263	NA	54850	FBXL12	-0.0496337	0.899775803089142
LINCSCP_10263	NA	54881	TEX10	-0.448368	0.540260314941406
LINCSCP_10263	NA	54915	YTHDF1	1.80359	0.0933536440134048
LINCSCP_10263	NA	54957	TXNL4B	-1.38189	0.165361523628235
LINCSCP_10263	NA	55008	HERC6	-0.488698	0.347784727811813
LINCSCP_10263	NA	55011	PIH1D1	-0.248423	0.838359177112579
LINCSCP_10263	NA	55012	PPP2R3C	-0.480585	0.447347313165665
LINCSCP_10263	NA	55033	FKBP14	2.06756	0.0439659096300602
LINCSCP_10263	NA	55038	CDCA4	0.0436332	0.933502674102783
LINCSCP_10263	NA	55111	PLEKHJ1	-0.313375	0.789728462696075
LINCSCP_10263	NA	55127	HEATR1	0.120124	0.869320690631866
LINCSCP_10263	NA	55129	ANO10	1.55853	0.0279075615108013
LINCSCP_10263	NA	55148	UBR7	1.15263	0.0610466152429581
LINCSCP_10263	NA	55179	FAIM	-0.272705	0.569322645664215
LINCSCP_10263	NA	55256	ADI1	-1.84104	0.260575950145721
LINCSCP_10263	NA	55324	ABCF3	1.67659	0.00785502512007952
LINCSCP_10263	NA	55556	ENOSF1	-1.07717	0.0330418944358826
LINCSCP_10263	NA	55604	LRRC16A	0.82939	0.183184593915939
LINCSCP_10263	NA	55608	ANKRD10	0.859757	0.226799800992012
LINCSCP_10263	NA	55620	STAP2	3.30556	0.218292787671089
LINCSCP_10263	NA	55699	IARS2	-1.15433	0.0684649869799614
LINCSCP_10263	NA	55746	NUP133	0.477676	0.558738350868225
LINCSCP_10263	NA	55748	CNDP2	-0.762339	0.142258688807487
LINCSCP_10263	NA	55793	FAM63A	-0.393074	0.51082855463028
LINCSCP_10263	NA	55818	KDM3A	-2.45302	0.236764192581177
LINCSCP_10263	NA	55825	PECR	0.119419	0.842379629611969
LINCSCP_10263	NA	55837	EAPP	0.521547	0.207031920552254
LINCSCP_10263	NA	55847	CISD1	0.0808104	0.853288650512695
LINCSCP_10263	NA	55893	ZNF395	0.776587	0.170029252767563
LINCSCP_10263	NA	55958	KLHL9	0.294218	0.72009539604187
LINCSCP_10263	NA	56654	NPDC1	0.0349333	0.936139702796936
LINCSCP_10263	NA	56889	TM9SF3	-0.237892	0.61242002248764
LINCSCP_10263	NA	56924	PAK6	-0.0125352	0.9784334897995
LINCSCP_10263	NA	56940	DUSP22	-1.25297	0.0506707951426506
LINCSCP_10263	NA	56997	ADCK3	-0.65137	0.23493255674839
LINCSCP_10263	NA	57019	CIAPIN1	-1.71138	0.0523188635706902
LINCSCP_10263	NA	57048	PLSCR3	-0.827767	0.329446643590927
LINCSCP_10263	NA	57147	SCYL3	0.325998	0.77255791425705
LINCSCP_10263	NA	57149	LYRM1	0.321617	0.6772221326828
LINCSCP_10263	NA	57178	ZMIZ1	1.57428	0.013674077577889
LINCSCP_10263	NA	57192	MCOLN1	0.458447	0.345777750015259
LINCSCP_10263	NA	57215	THAP11	0.358397	0.574932277202606
LINCSCP_10263	NA	57406	ABHD6	0.791274	0.164306715130806
LINCSCP_10263	NA	57761	TRIB3	-0.653567	0.134229406714439
LINCSCP_10263	NA	57804	POLD4	0.362733	0.502865791320801
LINCSCP_10263	NA	58472	SQRDL	-0.470017	0.346744507551193
LINCSCP_10263	NA	58478	ENOPH1	0.108915	0.825466394424438
LINCSCP_10263	NA	58497	PRUNE	0.177803	0.766914308071136
LINCSCP_10263	NA	58533	SNX6	0.781514	0.140949681401253
LINCSCP_10263	NA	60493	FASTKD5	0.548027	0.210024133324623
LINCSCP_10263	NA	60528	ELAC2	-1.51017	0.0174490585923195
LINCSCP_10263	NA	63874	ABHD4	-0.104343	0.790159702301025
LINCSCP_10263	NA	63933	MCUR1	0.31172	0.608668386936188
LINCSCP_10263	NA	64080	RBKS	1.55764	0.119832031428814
LINCSCP_10263	NA	64422	ATG3	0.80897	0.253658682107925
LINCSCP_10263	NA	64428	NARFL	0.16388	0.74474436044693
LINCSCP_10263	NA	64429	ZDHHC6	-2.05801	0.128840088844299
LINCSCP_10263	NA	64746	ACBD3	2.72964	0.061943843960762
LINCSCP_10263	NA	64781	CERK	-0.172896	0.78314471244812
LINCSCP_10263	NA	64943	NT5DC2	-0.363751	0.412223994731903
LINCSCP_10263	NA	65057	ACD	1.54863	0.0206386428326368
LINCSCP_10263	NA	65123	INTS3	-2.25954	0.00282002286985517
LINCSCP_10263	NA	66008	TRAK2	2.59303	0.00672477018088102
LINCSCP_10263	NA	79006	METRN	0.370085	0.61362612247467
LINCSCP_10263	NA	79071	ELOVL6	-1.03635	0.111416175961494
LINCSCP_10263	NA	79073	TMEM109	-1.96449	0.00504500744864345
LINCSCP_10263	NA	79080	CCDC86	-1.97901	0.00674496218562126
LINCSCP_10263	NA	79090	TRAPPC6A	-0.410729	0.347257822751999
LINCSCP_10263	NA	79094	CHAC1	-0.00902685	0.982346415519714
LINCSCP_10263	NA	79143	MBOAT7	-1.93574	0.245743960142136
LINCSCP_10263	NA	79170	PRR15L	-0.320175	0.558055460453033
LINCSCP_10263	NA	79174	CRELD2	0.77593	0.450567364692688
LINCSCP_10263	NA	79187	FSD1	1.3025	0.109299071133137
LINCSCP_10263	NA	79600	TCTN1	-0.329301	0.486648738384247
LINCSCP_10263	NA	79643	CHMP6	-1.01007	0.179338097572327
LINCSCP_10263	NA	79716	NPEPL1	-0.768049	0.163339301943779
LINCSCP_10263	NA	79850	FAM57A	-2.1326	0.0817633122205734
LINCSCP_10263	NA	79902	NUP85	-0.198634	0.604658424854279
LINCSCP_10263	NA	79921	TCEAL4	0.925312	0.158475503325462
LINCSCP_10263	NA	79947	DHDDS	0.153283	0.854006409645081
LINCSCP_10263	NA	79961	DENND2D	1.0653	0.0561421401798725
LINCSCP_10263	NA	80204	FBXO11	-0.732491	0.294367134571075
LINCSCP_10263	NA	80212	CCDC92	0.191079	0.724588751792908
LINCSCP_10263	NA	80347	COASY	0.652755	0.216406106948853
LINCSCP_10263	NA	80349	WDR61	0.757588	0.254578232765198
LINCSCP_10263	NA	80746	TSEN2	-0.31692	0.788443684577942
LINCSCP_10263	NA	80758	PRR7	-3.02981	0.0201275404542685
LINCSCP_10263	NA	81533	ITFG1	-0.98333	0.19002640247345
LINCSCP_10263	NA	81544	GDPD5	1.55257	0.0217111445963383
LINCSCP_10263	NA	83743	GRWD1	-4.56433	0.0547731630504131
LINCSCP_10263	NA	84159	ARID5B	0.0493647	0.907406330108643
LINCSCP_10263	NA	84617	TUBB6	-2.59671	0.00278410059399903
LINCSCP_10263	NA	84722	PSRC1	0.348104	0.602750062942505
LINCSCP_10263	NA	84890	ADO	-0.283926	0.492013722658157
LINCSCP_10263	NA	85236	HIST1H2BK	-0.988124	0.152288213372231
LINCSCP_10263	NA	85377	MICALL1	-1.84771	0.00881535280495882
LINCSCP_10263	NA	89910	UBE3B	-0.55124	0.215715661644936
LINCSCP_10263	NA	90861	HN1L	-2.53611	0.0186139419674873
LINCSCP_10263	NA	91137	SLC25A46	0.0751739	0.84915018081665
LINCSCP_10263	NA	91949	COG7	-0.988877	0.0935326889157295
LINCSCP_10263	NA	93487	MAPK1IP1L	-1.9738	0.0359248854219913
LINCSCP_10263	NA	93594	TBC1D31	-0.342136	0.626088976860046
LINCSCP_10263	NA	94239	H2AFV	0.760551	0.403118699789047
LINCSCP_10263	NA	116832	RPL39L	0.556699	0.205740734934807
LINCSCP_10263	NA	124583	CANT1	-3.84704	0.114937216043472
LINCSCP_10263	NA	147179	WIPF2	-1.40512	0.0873939916491508
LINCSCP_10263	NA	148022	TICAM1	-0.0636711	0.918694674968719
LINCSCP_10263	NA	200081	TXLNA	-1.76239	0.0143090439960361
LINCSCP_10263	NA	200734	SPRED2	-0.240035	0.583374440670013
LINCSCP_10263	NA	256364	EML3	-1.48067	0.0608038567006588
LINCSCP_10263	NA	375346	TMEM110	-0.0429419	0.909926950931549
LINCSCP_10263	NA	388650	FAM69A	-0.345424	0.549194633960724
